121;1;Сватово
121;2;Гончаровка
121;3;Фомовка
121;4;Преображенное
121;5;Нижняя Дуванка
121;6;Верхняя Дуванка
121;7;Ново-Никоноровка
121;8;Меловатка
121;9;Мостки
121;11;Змеевка
121;12;Дачное
121;13;Райгородск
121;15;Нежурино
121;16;Ковалевка
121;17;Кармазиновка
121;18;Стельмаховка
121;19;Коломыйчиха
121;20;Куземовка
121;21;Подкуйчанск
121;23;Наугольновка
121;24;Оборотновка
121;25;Софиевка
121;26;Маньковка
121;27;Павлово
121;28;Круглое
121;30;Рудовка
121;31;Барыкино
121;32;Чепиговка
121;34;Свистуновка
121;36;Сосновое
121;46;Андреевка
121;47;Кривошеевка
121;49;Новоселовка
121;52;Владимировка
121;54;Полтава
121;55;Александровка
121;56;Лебедевка
121;58;Надия
121;72;Проминь
121;80;Розовка
121;82;Поповка
121;83;Новопреображенное
121;85;Ивановка
121;86;Трудовой
121;87;Аношкино
121;88;Араповка
121;89;Бабичево
121;90;Багачка
121;92;Бараничьево
121;93;Березовка
121;94;Богородицкое
121;98;Воеводское
121;100;Высокое
121;103;Головково
121;105;Кашкарное
121;106;Давыдовка
121;107;Демино-Александровка
121;108;Дуванка
121;112;Загорье
121;115;Ильинка
121;118;Казарик
121;120;Караичное
121;123;Кочино
121;125;Красная-Григорьевка
121;132;Лантратовка
121;135;Луговое
121;137;Максимовка
121;138;Малоалександровка
121;139;Маслаково
121;140;Масловка
121;142;Михайловка Тр.
121;147;Новоалександровка Тр.
121;149;Новознаменка
121;151;Ново-Червоное
121;152;Овчарово
121;153;Октябрьское Тр.
121;154;Ольшаны
121;157;Покровское
121;158;Полтавское
121;159;Приволье
121;164;Распасеевка
121;165;Рассыпное
121;168;Сиротино
121;170;Солонцы
121;172;Судьбинка
121;173;Тарасовка
121;174;Тимоново
121;175;Тополи
121;176;Троицкое
121;178;Федосеевка
121;179;Царевка
121;181;Шахово
121;184;Ямы
121;185;Зайцево
121;188;Коржове
121;189;Лагідне
121;190;Джерельне
121;191;Травневе
121;192;М`ясожарівка
121;193;Сторожівка
121;194;Твердохлібове
121;195;Джерельне Тр.
121;1047;Олександропіль
121;1048;Олексапіль
121;1049;Олексіївка
121;1050;Білокуракине
121;1051;Березівка(Білокуракине)
121;1052;Бунчуківка
121;1053;Гладкове
121;1054;Грицаївка
121;1056;Дем'янівка
121;1057;Заводянка
121;1058;Заїківка
121;1059;Калинівске
121;1060;Калинова Балка
121;1061;Картамишиве
121;1062;Климівка
121;1063;Коноплянівка
121;1064;Кочіне-Роспасіївка
121;1066;Куплювате
121;1067;Курячівка
121;1068;Лизіне
121;1069;Лозно-Олександрівка
121;1070;Лозне
121;1071;Луб'янка
121;1072;Ляшківка
121;1073;Маньківка
121;1074;Нещеретове
121;1075;Миколаївка
121;1076;Ново-Андріївка
121;1077;Ново-Покрівка
121;1078;Нянчине
121;1079;Осикове
121;1080;Павлівка
121;1081;Паньківка
121;1082;Петрівське
121;1084;Попасне
121;1085;Попівка
121;1086;Плахо-Петрівка
121;1087;Приходьківка
121;1088;Просторе
121;1089;Романівка
121;1090;Рудове
121;1091;Світленьке
121;1092;Солідарне
121;1093;Стативчине
121;1094;Тимошине
121;1095;Фоменкове 2
121;1096;Цілуйкове
121;1097;Чабанове
121;1098;Шапарівка
121;1099;Шарівка
121;1100;Шовкунівка
121;1102;Мирне
